date,rate
7/31/01,3.61
8/1/01,3.6
8/2/01,3.6
8/3/01,3.58
8/6/01,3.58
8/7/01,3.57
8/8/01,3.56
8/9/01,3.56
8/10/01,3.54
8/13/01,3.53
8/14/01,3.48
8/15/01,3.47
8/16/01,3.43
8/17/01,3.41
8/20/01,3.43
8/21/01,3.41
8/22/01,3.41
8/23/01,3.44
8/24/01,3.44
8/27/01,3.47
8/28/01,3.47
8/29/01,3.43
8/30/01,3.36
8/31/01,3.35
9/3/01,
9/4/01,3.38
9/5/01,3.43
9/6/01,3.39
9/7/01,3.35
9/10/01,3.36
9/11/01,
9/12/01,
9/13/01,2.69
9/14/01,2.48
9/17/01,2.4
9/18/01,2.3
9/19/01,1.97
9/20/01,2
9/21/01,2.08
9/24/01,2.35
9/25/01,2.54
9/26/01,2.47
9/27/01,2.3
9/28/01,2.24
10/1/01,2.21
10/2/01,2.24
10/3/01,2.17
10/4/01,2.19
10/5/01,2.18
10/8/01,
10/9/01,2.21
10/10/01,2.27
10/11/01,2.27
10/12/01,2.28
10/15/01,2.31
10/16/01,2.29
10/17/01,2.31
10/18/01,2.25
10/19/01,2.27
10/22/01,2.27
10/23/01,2.28
10/24/01,2.27
10/25/01,2.24
10/26/01,2.23
10/29/01,2.23
10/30/01,2.14
10/31/01,2.12
11/1/01,2.15
11/2/01,2.06
11/5/01,2.03
11/6/01,1.95
11/7/01,1.9
11/8/01,1.9
11/9/01,1.9
11/12/01,
11/13/01,1.93
11/14/01,1.96
11/15/01,1.96
11/16/01,1.99
11/19/01,2
11/20/01,1.99
11/21/01,1.97
11/22/01,
11/23/01,1.98
11/26/01,1.98
11/27/01,1.98
11/28/01,1.93
11/29/01,1.88
11/30/01,1.85
12/3/01,1.83
12/4/01,1.78
12/5/01,1.74
12/6/01,1.7
12/7/01,1.66
12/10/01,1.65
12/11/01,1.64
12/12/01,1.67
12/13/01,1.67
12/14/01,1.67
12/17/01,1.69
12/18/01,1.69
12/19/01,1.66
12/20/01,1.64
12/21/01,1.64
12/24/01,1.63
12/25/01,
12/26/01,1.74
12/27/01,1.72
12/28/01,1.7
12/31/01,1.65
1/1/02,
1/2/02,1.7
1/3/02,1.7
1/4/02,1.69
1/7/02,1.68
1/8/02,1.67
1/9/02,1.65
1/10/02,1.64
1/11/02,1.6
1/14/02,1.6
1/15/02,1.62
1/16/02,1.6
1/17/02,1.57
1/18/02,1.57
1/21/02,
1/22/02,1.64
1/23/02,1.67
1/24/02,1.66
1/25/02,1.66
1/28/02,1.68
1/29/02,1.69
1/30/02,1.67
1/31/02,1.66
2/1/02,1.66
2/4/02,1.67
2/5/02,1.71
2/6/02,1.7
2/7/02,1.68
2/8/02,1.66
2/11/02,1.7
2/12/02,1.73
2/13/02,1.72
2/14/02,1.72
2/15/02,1.69
2/18/02,
2/19/02,1.7
2/20/02,1.72
2/21/02,1.73
2/22/02,1.72
2/25/02,1.73
2/26/02,1.75
2/27/02,1.74
2/28/02,1.73
3/1/02,1.75
3/4/02,1.74
3/5/02,1.75
3/6/02,1.74
3/7/02,1.74
3/8/02,1.74
3/11/02,1.77
3/12/02,1.79
3/13/02,1.77
3/14/02,1.76
3/15/02,1.76
3/18/02,1.74
3/19/02,1.78
3/20/02,1.76
3/21/02,1.75
3/22/02,1.75
3/25/02,1.75
3/26/02,1.79
3/27/02,1.74
3/28/02,1.73
3/29/02,
4/1/02,1.76
4/2/02,1.76
4/3/02,1.74
4/4/02,1.74
4/5/02,1.73
4/8/02,1.73
4/9/02,1.7
4/10/02,1.69
4/11/02,1.69
4/12/02,1.69
4/15/02,1.68
4/16/02,1.68
4/17/02,1.68
4/18/02,1.67
4/19/02,1.66
4/22/02,1.64
4/23/02,1.65
4/24/02,1.64
4/25/02,1.65
4/26/02,1.65
4/29/02,1.7
4/30/02,1.74
5/1/02,1.73
5/2/02,1.71
5/3/02,1.7
5/6/02,1.71
5/7/02,1.74
5/8/02,1.73
5/9/02,1.71
5/10/02,1.7
5/13/02,1.74
5/14/02,1.75
5/15/02,1.73
5/16/02,1.71
5/17/02,1.7
5/20/02,1.7
5/21/02,1.7
5/22/02,1.69
5/23/02,1.7
5/24/02,1.68
5/27/02,
5/28/02,1.71
5/29/02,1.7
5/30/02,1.7
5/31/02,1.69
6/3/02,1.69
6/4/02,1.7
6/5/02,1.72
6/6/02,1.71
6/7/02,1.71
6/10/02,1.72
6/11/02,1.72
6/12/02,1.71
6/13/02,1.68
6/14/02,1.68
6/17/02,1.67
6/18/02,1.67
6/19/02,1.66
6/20/02,1.65
6/21/02,1.65
6/24/02,1.63
6/25/02,1.71
6/26/02,1.69
6/27/02,1.67
6/28/02,1.66
7/1/02,1.68
7/2/02,1.69
7/3/02,1.68
7/4/02,
7/5/02,1.68
7/8/02,1.7
7/9/02,1.69
7/10/02,1.7
7/11/02,1.69
7/12/02,1.68
7/15/02,1.68
7/16/02,1.71
7/17/02,1.69
7/18/02,1.69
7/19/02,1.69
7/22/02,1.69
7/23/02,1.7
7/24/02,1.67
7/25/02,1.68
7/26/02,1.69
7/29/02,1.7
7/30/02,1.7
7/31/02,1.7
8/1/02,1.68
8/2/02,1.64
8/5/02,1.66
8/6/02,1.69
8/7/02,1.64
8/8/02,1.65
8/9/02,1.64
8/12/02,1.65
8/13/02,1.66
8/14/02,1.66
8/15/02,1.64
8/16/02,1.64
8/19/02,1.65
8/20/02,1.67
8/21/02,1.66
8/22/02,1.64
8/23/02,1.64
8/26/02,1.65
8/27/02,1.67
8/28/02,1.69
8/29/02,1.69
8/30/02,1.68
9/2/02,
9/3/02,1.67
9/4/02,1.67
9/5/02,1.64
9/6/02,1.66
9/9/02,1.68
9/10/02,1.69
9/11/02,1.68
9/12/02,1.67
9/13/02,1.65
9/16/02,1.66
9/17/02,1.67
9/18/02,1.67
9/19/02,1.61
9/20/02,1.61
9/23/02,1.63
9/24/02,1.65
9/25/02,1.65
9/26/02,1.64
9/27/02,1.61
9/30/02,1.58
10/1/02,1.61
10/2/02,1.59
10/3/02,1.56
10/4/02,1.58
10/7/02,1.59
10/8/02,1.6
10/9/02,1.58
10/10/02,1.57
10/11/02,1.57
10/14/02,
10/15/02,1.63
10/16/02,1.64
10/17/02,1.63
10/18/02,1.63
10/21/02,1.66
10/22/02,1.68
10/23/02,1.66
10/24/02,1.62
10/25/02,1.61
10/28/02,1.57
10/29/02,1.56
10/30/02,1.54
10/31/02,1.46
11/1/02,1.42
11/4/02,1.42
11/5/02,1.42
11/6/02,1.22
11/7/02,1.18
11/8/02,1.17
11/11/02,
11/12/02,1.18
11/13/02,1.2
11/14/02,1.2
11/15/02,1.21
11/18/02,1.22
11/19/02,1.21
11/20/02,1.2
11/21/02,1.21
11/22/02,1.21
11/25/02,1.22
11/26/02,1.25
11/27/02,1.26
11/28/02,
11/29/02,1.23
12/2/02,1.24
12/3/02,1.21
12/4/02,1.21
12/5/02,1.21
12/6/02,1.21
12/9/02,1.22
12/10/02,1.21
12/11/02,1.21
12/12/02,1.18
12/13/02,1.18
12/16/02,1.18
12/17/02,1.2
12/18/02,1.18
12/19/02,1.17
12/20/02,1.16
12/23/02,1.13
12/24/02,1.15
12/25/02,
12/26/02,1.12
12/27/02,1.05
12/30/02,1.12
12/31/02,1.18
1/1/03,
1/2/03,1.16
1/3/03,1.16
1/6/03,1.15
1/7/03,1.15
1/8/03,1.15
1/9/03,1.16
1/10/03,1.15
1/13/03,1.15
1/14/03,1.16
1/15/03,1.15
1/16/03,1.15
1/17/03,1.15
1/20/03,
1/21/03,1.15
1/22/03,1.15
1/23/03,1.14
1/24/03,1.12
1/27/03,1.13
1/28/03,1.17
1/29/03,1.16
1/30/03,1.15
1/31/03,1.15
2/3/03,1.14
2/4/03,1.16
2/5/03,1.16
2/6/03,1.15
2/7/03,1.15
2/10/03,1.15
2/11/03,1.17
2/12/03,1.16
2/13/03,1.16
2/14/03,1.17
2/17/03,
2/18/03,1.17
2/19/03,1.17
2/20/03,1.17
2/21/03,1.18
2/24/03,1.19
2/25/03,1.23
2/26/03,1.24
2/27/03,1.22
2/28/03,1.19
3/3/03,1.18
3/4/03,1.21
3/5/03,1.19
3/6/03,1.18
3/7/03,1.14
3/10/03,1.12
3/11/03,1.13
3/12/03,1.13
3/13/03,1.13
3/14/03,1.12
3/17/03,1.14
3/18/03,1.17
3/19/03,1.17
3/20/03,1.17
3/21/03,1.16
3/24/03,1.16
3/25/03,1.19
3/26/03,1.17
3/27/03,1.16
3/28/03,1.13
3/31/03,1.14
4/1/03,1.15
4/2/03,1.15
4/3/03,1.15
4/4/03,1.15
4/7/03,1.17
4/8/03,1.17
4/9/03,1.15
4/10/03,1.16
4/11/03,1.16
4/14/03,1.17
4/15/03,1.15
4/16/03,1.13
4/17/03,1.12
4/18/03,
4/21/03,1.12
4/22/03,1.12
4/23/03,1.12
4/24/03,1.11
4/25/03,1.11
4/28/03,1.11
4/29/03,1.12
4/30/03,1.11
5/1/03,1.07
5/2/03,1.05
5/5/03,1.06
5/6/03,1.07
5/7/03,1.06
5/8/03,1.04
5/9/03,1.05
5/12/03,1.05
5/13/03,1
5/14/03,0.93
5/15/03,0.96
5/16/03,0.96
5/19/03,0.99
5/20/03,1
5/21/03,1.12
5/22/03,1.11
5/23/03,1.13
5/26/03,
5/27/03,1.15
5/28/03,1.19
5/29/03,1.17
5/30/03,1.15
6/2/03,1.15
6/3/03,1.15
6/4/03,1.13
6/5/03,1.1
6/6/03,1.13
6/9/03,1.14
6/10/03,1.08
6/11/03,1.05
6/12/03,1.01
6/13/03,0.91
6/16/03,0.92
6/17/03,0.91
6/18/03,0.89
6/19/03,0.82
6/20/03,0.8
6/23/03,0.82
6/24/03,0.81
6/25/03,0.9
6/26/03,0.84
6/27/03,0.78
6/30/03,0.78
7/1/03,0.87
7/2/03,0.86
7/3/03,0.86
7/4/03,
7/7/03,0.88
7/8/03,0.9
7/9/03,0.88
7/10/03,0.87
7/11/03,0.87
7/14/03,0.86
7/15/03,0.86
7/16/03,0.83
7/17/03,0.82
7/18/03,0.82
7/21/03,0.84
7/22/03,0.87
7/23/03,0.88
7/24/03,0.89
7/25/03,0.9
7/28/03,0.95
7/29/03,0.97
7/30/03,0.92
7/31/03,0.89
8/1/03,0.89
8/4/03,0.89
8/5/03,0.91
8/6/03,0.9
8/7/03,0.89
8/8/03,0.89
8/11/03,0.9
8/12/03,0.91
8/13/03,0.93
8/14/03,0.94
8/15/03,0.9
8/18/03,0.95
8/19/03,0.94
8/20/03,0.92
8/21/03,0.93
8/22/03,0.94
8/25/03,0.95
8/26/03,0.99
8/27/03,0.98
8/28/03,0.97
8/29/03,0.96
9/1/03,
9/2/03,0.96
9/3/03,0.96
9/4/03,0.94
9/5/03,0.93
9/8/03,0.93
9/9/03,0.93
9/10/03,0.92
9/11/03,0.91
9/12/03,0.89
9/15/03,0.89
9/16/03,0.89
9/17/03,0.88
9/18/03,0.87
9/19/03,0.86
9/22/03,0.86
9/23/03,0.87
9/24/03,0.87
9/25/03,0.86
9/26/03,0.85
9/29/03,0.84
9/30/03,0.86
10/1/03,0.86
10/2/03,0.84
10/3/03,0.85
10/6/03,0.85
10/7/03,0.83
10/8/03,0.86
10/9/03,0.88
10/10/03,0.87
10/13/03,
10/14/03,0.87
10/15/03,0.88
10/16/03,0.88
10/17/03,0.88
10/20/03,0.88
10/21/03,0.9
10/22/03,0.9
10/23/03,0.9
10/24/03,0.9
10/27/03,0.93
10/28/03,0.96
10/29/03,0.96
10/30/03,0.95
10/31/03,0.94
11/3/03,0.95
11/4/03,0.95
11/5/03,0.94
11/6/03,0.93
11/7/03,0.93
11/10/03,0.9
11/11/03,
11/12/03,0.9
11/13/03,0.89
11/14/03,0.9
11/17/03,0.91
11/18/03,0.93
11/19/03,0.92
11/20/03,0.91
11/21/03,0.91
11/24/03,0.92
11/25/03,0.95
11/26/03,0.95
11/27/03,
11/28/03,0.94
12/1/03,0.95
12/2/03,0.94
12/3/03,0.94
12/4/03,0.92
12/5/03,0.92
12/8/03,0.92
12/9/03,0.91
12/10/03,0.9
12/11/03,0.86
12/12/03,0.86
12/15/03,0.85
12/16/03,0.86
12/17/03,0.83
12/18/03,0.84
12/19/03,0.86
12/22/03,0.86
12/23/03,0.87
12/24/03,0.86
12/25/03,
12/26/03,0.74
12/29/03,0.76
12/30/03,0.86
12/31/03,0.88
1/1/04,
1/2/04,0.86
1/5/04,0.87
1/6/04,0.86
1/7/04,0.86
1/8/04,0.86
1/9/04,0.86
1/12/04,0.86
1/13/04,0.85
1/14/04,0.84
1/15/04,0.8
1/16/04,0.78
1/19/04,
1/20/04,0.77
1/21/04,0.8
1/22/04,0.72
1/23/04,0.77
1/26/04,0.79
1/27/04,0.87
1/28/04,0.87
1/29/04,0.85
1/30/04,0.83
2/2/04,0.85
2/3/04,0.91
2/4/04,0.89
2/5/04,0.87
2/6/04,0.87
2/9/04,0.87
2/10/04,0.89
2/11/04,0.87
2/12/04,0.88
2/13/04,0.88
2/16/04,
2/17/04,0.88
2/18/04,0.91
2/19/04,0.91
2/20/04,0.91
2/23/04,0.93
2/24/04,0.95
2/25/04,0.94
2/26/04,0.95
2/27/04,0.93
3/1/04,0.95
3/2/04,0.97
3/3/04,0.96
3/4/04,0.96
3/5/04,0.94
3/8/04,0.94
3/9/04,0.97
3/10/04,0.96
3/11/04,0.95
3/12/04,0.95
3/15/04,0.93
3/16/04,0.96
3/17/04,0.93
3/18/04,0.92
3/19/04,0.92
3/22/04,0.93
3/23/04,0.95
3/24/04,0.94
3/25/04,0.94
3/26/04,0.93
3/29/04,0.94
3/30/04,0.96
3/31/04,0.95
4/1/04,0.94
4/2/04,0.92
4/5/04,0.93
4/6/04,0.93
4/7/04,0.93
4/8/04,0.92
4/9/04,
4/12/04,0.91
4/13/04,0.9
4/14/04,0.91
4/15/04,0.91
4/16/04,0.9
4/19/04,0.9
4/20/04,0.92
4/21/04,0.92
4/22/04,0.79
4/23/04,0.85
4/26/04,0.86
4/27/04,0.9
4/28/04,0.86
4/29/04,0.83
4/30/04,0.81
5/3/04,0.8
5/4/04,0.92
5/5/04,0.89
5/6/04,0.87
5/7/04,0.88
5/10/04,0.86
5/11/04,0.9
5/12/04,0.88
5/13/04,0.86
5/14/04,0.85
5/17/04,0.87
5/18/04,0.9
5/19/04,0.89
5/20/04,0.88
5/21/04,0.89
5/24/04,0.89
5/25/04,0.93
5/26/04,0.92
5/27/04,0.92
5/28/04,0.92
5/31/04,
6/1/04,0.93
6/2/04,0.95
6/3/04,0.94
6/4/04,0.93
6/7/04,0.93
6/8/04,1.02
6/9/04,1.01
6/10/04,1
6/11/04,
6/14/04,1.02
6/15/04,1.07
6/16/04,1.03
6/17/04,1
6/18/04,1
6/21/04,0.99
6/22/04,1.06
6/23/04,1.06
6/24/04,1.08
6/25/04,1.08
6/28/04,1.08
6/29/04,1.17
6/30/04,1.15
7/1/04,0.99
7/2/04,1.04
7/5/04,
7/6/04,1.07
7/7/04,1.14
7/8/04,1.12
7/9/04,1.12
7/12/04,1.13
7/13/04,1.17
7/14/04,1.15
7/15/04,1.12
7/16/04,1.12
7/19/04,1.12
7/20/04,1.2
7/21/04,1.19
7/22/04,1.19
7/23/04,1.2
7/26/04,1.26
7/27/04,1.33
7/28/04,1.3
7/29/04,1.26
7/30/04,1.24
8/2/04,1.24
8/3/04,1.35
8/4/04,1.32
8/5/04,1.31
8/6/04,1.34
8/9/04,1.37
8/10/04,1.4
8/11/04,1.38
8/12/04,1.29
8/13/04,1.3
8/16/04,1.33
8/17/04,1.36
8/18/04,1.35
8/19/04,1.32
8/20/04,1.31
8/23/04,1.29
8/24/04,1.37
8/25/04,1.35
8/26/04,1.37
8/27/04,1.4
8/30/04,1.41
8/31/04,1.43
9/1/04,1.41
9/2/04,1.43
9/3/04,1.46
9/6/04,
9/7/04,1.49
9/8/04,1.55
9/9/04,1.55
9/10/04,1.58
9/13/04,1.56
9/14/04,1.55
9/15/04,1.54
9/16/04,1.52
9/17/04,1.55
9/20/04,1.57
9/21/04,1.6
9/22/04,1.5
9/23/04,1.5
9/24/04,1.5
9/27/04,1.55
9/28/04,1.6
9/29/04,1.49
9/30/04,1.44
10/1/04,1.49
10/4/04,1.5
10/5/04,1.54
10/6/04,1.53
10/7/04,1.53
10/8/04,1.53
10/11/04,
10/12/04,1.55
10/13/04,1.56
10/14/04,1.57
10/15/04,1.56
10/18/04,1.56
10/19/04,1.6
10/20/04,1.59
10/21/04,1.6
10/22/04,1.61
10/25/04,1.68
10/26/04,1.79
10/27/04,1.75
10/28/04,1.68
10/29/04,1.7
11/1/04,1.74
11/2/04,1.83
11/3/04,1.8
11/4/04,1.82
11/5/04,1.82
11/8/04,1.83
11/9/04,1.86
11/10/04,1.85
11/11/04,
11/12/04,1.87
11/15/04,1.87
11/16/04,1.87
11/17/04,1.84
11/18/04,1.84
11/19/04,1.94
11/22/04,1.93
11/23/04,1.96
11/24/04,1.95
11/25/04,
11/26/04,1.97
11/29/04,1.97
11/30/04,2.04
12/1/04,2.02
12/2/04,2.02
12/3/04,2.02
12/6/04,2.04
12/7/04,2.05
12/8/04,2.04
12/9/04,2.03
12/10/04,2.03
12/13/04,1.98
12/14/04,1.98
12/15/04,1.94
12/16/04,1.89
12/17/04,1.9
12/20/04,1.91
12/21/04,1.89
12/22/04,1.8
12/23/04,1.78
12/24/04,
12/27/04,1.82
12/28/04,1.84
12/29/04,1.71
12/30/04,1.62
12/31/04,1.84
1/3/05,1.91
1/4/05,2.01
1/5/05,2
1/6/05,1.99
1/7/05,1.98
1/10/05,2
1/11/05,1.99
1/12/05,1.97
1/13/05,2.01
1/14/05,2
1/17/05,
1/18/05,1.96
1/19/05,1.9
1/20/05,1.83
1/21/05,1.96
1/24/05,1.97
1/25/05,2.09
1/26/05,2.12
1/27/05,2.11
1/28/05,2.06
1/31/05,1.99
2/1/05,2.2
2/2/05,2.19
2/3/05,2.15
2/4/05,2.16
2/7/05,2.22
2/8/05,2.3
2/9/05,2.3
2/10/05,2.31
2/11/05,2.32
2/14/05,2.32
2/15/05,2.36
2/16/05,2.35
2/17/05,2.36
2/18/05,2.35
2/21/05,
2/22/05,2.37
2/23/05,2.43
2/24/05,2.44
2/25/05,2.46
2/28/05,2.45
3/1/05,2.51
3/2/05,2.49
3/3/05,2.5
3/4/05,2.51
3/7/05,2.53
3/8/05,2.57
3/9/05,2.55
3/10/05,2.55
3/11/05,2.55
3/14/05,2.56
3/15/05,2.66
3/16/05,2.64
3/17/05,2.63
3/18/05,2.65
3/21/05,2.66
3/22/05,2.72
3/23/05,2.68
3/24/05,2.65
3/25/05,
3/28/05,2.64
3/29/05,2.66
3/30/05,2.66
3/31/05,2.58
4/1/05,2.61
4/4/05,2.59
4/5/05,2.59
4/6/05,2.56
4/7/05,2.57
4/8/05,2.56
4/11/05,2.55
4/12/05,2.58
4/13/05,2.58
4/14/05,2.58
4/15/05,2.58
4/18/05,2.6
4/19/05,2.69
4/20/05,2.6
4/21/05,2.54
4/22/05,2.58
4/25/05,2.6
4/26/05,2.66
4/27/05,2.6
4/28/05,2.55
4/29/05,2.65
5/2/05,2.6
5/3/05,2.6
5/4/05,2.54
5/5/05,2.55
5/6/05,2.59
5/9/05,2.59
5/10/05,2.55
5/11/05,2.55
5/12/05,2.52
5/13/05,2.4
5/16/05,2.38
5/17/05,2.55
5/18/05,2.55
5/19/05,2.58
5/20/05,2.6
5/23/05,2.61
5/24/05,2.77
5/25/05,2.74
5/26/05,2.72
5/27/05,2.71
5/30/05,
5/31/05,2.73
6/1/05,2.74
6/2/05,2.75
6/3/05,2.76
6/6/05,2.76
6/7/05,2.78
6/8/05,2.78
6/9/05,2.76
6/10/05,2.76
6/13/05,2.75
6/14/05,2.74
6/15/05,2.73
6/16/05,2.71
6/17/05,2.74
6/20/05,2.74
6/21/05,2.8
6/22/05,2.79
6/23/05,2.73
6/24/05,2.72
6/27/05,2.77
6/28/05,2.94
6/29/05,2.9
6/30/05,2.94
7/1/05,2.96
7/4/05,
7/5/05,2.96
7/6/05,2.99
7/7/05,2.94
7/8/05,2.93
7/11/05,2.91
7/12/05,2.97
7/13/05,2.97
7/14/05,2.98
7/15/05,2.98
7/18/05,2.98
7/19/05,3.08
7/20/05,3.05
7/21/05,3.07
7/22/05,3.09
7/25/05,3.12
7/26/05,3.19
7/27/05,3.17
7/28/05,3.19
7/29/05,3.19
8/1/05,3.23
8/2/05,3.29
8/3/05,3.28
8/4/05,3.28
8/5/05,3.29
8/8/05,3.31
8/9/05,3.31
8/10/05,3.32
8/11/05,3.25
8/12/05,3.25
8/15/05,3.19
8/16/05,3.26
8/17/05,3.25
8/18/05,3.24
8/19/05,3.26
8/22/05,3.27
8/23/05,3.28
8/24/05,3.28
8/25/05,3.28
8/26/05,3.29
8/29/05,3.36
8/30/05,3.34
8/31/05,3.35
9/1/05,3.29
9/2/05,3.32
9/5/05,
9/6/05,3.32
9/7/05,3.3
9/8/05,3.25
9/9/05,3.26
9/12/05,3.26
9/13/05,3.25
9/14/05,3.2
9/15/05,3.17
9/16/05,3.16
9/19/05,3.14
9/20/05,3.24
9/21/05,2.96
9/22/05,2.92
9/23/05,2.99
9/26/05,3.1
9/27/05,3.1
9/28/05,3.06
9/29/05,3.02
9/30/05,3.08
10/3/05,3.12
10/4/05,3.29
10/5/05,3.28
10/6/05,3.27
10/7/05,3.28
10/10/05,
10/11/05,3.31
10/12/05,3.43
10/13/05,3.43
10/14/05,3.41
10/17/05,3.43
10/18/05,3.51
10/19/05,3.5
10/20/05,3.38
10/21/05,3.39
10/24/05,3.4
10/25/05,3.65
10/26/05,3.64
10/27/05,3.65
10/28/05,3.68
10/31/05,3.69
11/1/05,3.72
11/2/05,3.71
11/3/05,3.74
11/4/05,3.73
11/7/05,3.74
11/8/05,3.82
11/9/05,3.84
11/10/05,3.83
11/11/05,
11/14/05,3.86
11/15/05,3.94
11/16/05,3.93
11/17/05,3.91
11/18/05,3.89
11/21/05,3.87
11/22/05,3.87
11/23/05,3.87
11/24/05,
11/25/05,3.85
11/28/05,3.88
11/29/05,3.92
11/30/05,3.93
12/1/05,3.93
12/2/05,3.94
12/5/05,3.95
12/6/05,3.77
12/7/05,3.77
12/8/05,3.6
12/9/05,3.54
12/12/05,3.49
12/13/05,3.55
12/14/05,3.54
12/15/05,3.52
12/16/05,3.47
12/19/05,3.45
12/20/05,3.48
12/21/05,3.48
12/22/05,3.47
12/23/05,3.38
12/26/05,
12/27/05,3.38
12/28/05,3.5
12/29/05,3.59
12/30/05,3.94
1/2/06,
1/3/06,3.97
1/4/06,3.96
1/5/06,3.97
1/6/06,3.98
1/9/06,4
1/10/06,4.08
1/11/06,4.08
1/12/06,4.08
1/13/06,4.04
1/16/06,
1/17/06,3.99
1/18/06,3.96
1/19/06,3.89
1/20/06,3.85
1/23/06,3.85
1/24/06,4.16
1/25/06,4.14
1/26/06,4.08
1/27/06,4.1
1/30/06,4.08
1/31/06,4.3
2/1/06,4.26
2/2/06,4.25
2/3/06,4.24
2/6/06,4.24
2/7/06,4.26
2/8/06,4.27
2/9/06,4.25
2/10/06,4.28
2/13/06,4.29
2/14/06,4.34
2/15/06,4.32
2/16/06,4.31
2/17/06,4.32
2/20/06,
2/21/06,4.33
2/22/06,4.36
2/23/06,4.36
2/24/06,4.37
2/27/06,4.4
2/28/06,4.39
3/1/06,4.37
3/2/06,4.37
3/3/06,4.36
3/6/06,4.35
3/7/06,4.39
3/8/06,4.37
3/9/06,4.36
3/10/06,4.37
3/13/06,4.36
3/14/06,4.41
3/15/06,4.42
3/16/06,4.41
3/17/06,4.42
3/20/06,4.47
3/21/06,4.59
3/22/06,4.59
3/23/06,4.58
3/24/06,4.58
3/27/06,4.6
3/28/06,4.63
3/29/06,4.61
3/30/06,4.59
3/31/06,4.57
4/3/06,4.58
4/4/06,4.56
4/5/06,4.54
4/6/06,4.57
4/7/06,4.56
4/10/06,4.56
4/11/06,4.55
4/12/06,4.54
4/13/06,4.46
4/14/06,
4/17/06,4.46
4/18/06,4.46
4/19/06,4.46
4/20/06,4.47
4/21/06,4.49
4/24/06,4.49
4/25/06,4.55
4/26/06,4.57
4/27/06,4.56
4/28/06,4.51
5/1/06,4.51
5/2/06,4.58
5/3/06,4.56
5/4/06,4.52
5/5/06,4.52
5/8/06,4.53
5/9/06,4.64
5/10/06,4.6
5/11/06,4.55
5/12/06,4.55
5/15/06,4.58
5/16/06,4.68
5/17/06,4.67
5/18/06,4.67
5/19/06,4.67
5/22/06,4.65
5/23/06,4.67
5/24/06,4.66
5/25/06,4.66
5/26/06,4.67
5/29/06,
5/30/06,4.67
5/31/06,4.67
6/1/06,4.67
6/2/06,4.67
6/5/06,4.68
6/6/06,4.72
6/7/06,4.71
6/8/06,4.7
6/9/06,4.7
6/12/06,4.68
6/13/06,4.64
6/14/06,4.6
6/15/06,4.51
6/16/06,4.54
6/19/06,4.57
6/20/06,4.62
6/21/06,4.58
6/22/06,4.46
6/23/06,4.51
6/26/06,4.62
6/27/06,4.78
6/28/06,4.7
6/29/06,4.59
6/30/06,4.43
7/3/06,4.55
7/4/06,
7/5/06,4.72
7/6/06,4.71
7/7/06,4.74
7/10/06,4.75
7/11/06,4.81
7/12/06,4.83
7/13/06,4.79
7/14/06,4.77
7/17/06,4.8
7/18/06,4.85
7/19/06,4.82
7/20/06,4.77
7/21/06,4.78
7/24/06,4.8
7/25/06,4.92
7/26/06,4.91
7/27/06,4.93
7/28/06,4.89
7/31/06,4.93
8/1/06,5.11
8/2/06,5.11
8/3/06,5.1
8/4/06,5.07
8/7/06,5.1
8/8/06,5.1
8/9/06,5.05
8/10/06,5.04
8/11/06,5.04
8/14/06,5.07
8/15/06,5.09
8/16/06,5.07
8/17/06,5.07
8/18/06,5.05
8/21/06,5.07
8/22/06,5.08
8/23/06,5.08
8/24/06,5.08
8/25/06,5.09
8/28/06,5.1
8/29/06,5.1
8/30/06,5.08
8/31/06,5.03
9/1/06,4.99
9/4/06,
9/5/06,4.88
9/6/06,4.8
9/7/06,4.8
9/8/06,4.75
9/11/06,4.76
9/12/06,4.67
9/13/06,4.69
9/14/06,4.72
9/15/06,4.68
9/18/06,4.66
9/19/06,4.64
9/20/06,4.64
9/21/06,4.63
9/22/06,4.64
9/25/06,4.62
9/26/06,4.56
9/27/06,4.51
9/28/06,4.44
9/29/06,4.5
10/2/06,4.56
10/3/06,4.62
10/4/06,4.69
10/5/06,4.72
10/6/06,4.66
10/9/06,
10/10/06,4.7
10/11/06,4.81
10/12/06,4.84
10/13/06,4.84
10/16/06,4.92
10/17/06,4.97
10/18/06,4.96
10/19/06,4.93
10/20/06,4.91
10/23/06,4.96
10/24/06,5.06
10/25/06,5.05
10/26/06,5.07
10/27/06,5.06
10/30/06,5.07
10/31/06,5.09
11/1/06,5.1
11/2/06,5.1
11/3/06,5.1
11/6/06,5.1
11/7/06,5.11
11/8/06,5.11
11/9/06,5.11
11/10/06,5.12
11/13/06,5.1
11/14/06,5.15
11/15/06,5.15
11/16/06,5.14
11/17/06,5.11
11/20/06,5.12
11/21/06,5.17
11/22/06,5.16
11/23/06,
11/24/06,5.14
11/27/06,5.16
11/28/06,5.18
11/29/06,5.17
11/30/06,5.14
12/1/06,5.14
12/4/06,5.07
12/5/06,4.79
12/6/06,4.82
12/7/06,4.83
12/8/06,4.8
12/11/06,4.76
12/12/06,4.78
12/13/06,4.77
12/14/06,4.78
12/15/06,4.69
12/18/06,4.7
12/19/06,4.75
12/20/06,4.78
12/21/06,4.75
12/22/06,4.73
12/25/06,
12/26/06,4.7
12/27/06,4.66
12/28/06,4.64
12/29/06,4.65
1/1/07,
1/2/07,4.66
1/3/07,4.75
1/4/07,4.7
1/5/07,4.71
1/8/07,4.75
1/9/07,4.81
1/10/07,4.85
1/11/07,4.89
1/12/07,4.89
1/15/07,
1/16/07,4.9
1/17/07,4.92
1/18/07,4.87
1/19/07,4.86
1/22/07,4.87
1/23/07,4.93
1/24/07,4.9
1/25/07,4.87
1/26/07,4.84
1/29/07,4.84
1/30/07,4.9
1/31/07,4.91
2/1/07,4.9
2/2/07,4.92
2/5/07,4.97
2/6/07,5.05
2/7/07,5.06
2/8/07,5.06
2/9/07,5.06
2/12/07,5.07
2/13/07,5.15
2/14/07,5.14
2/15/07,5.14
2/16/07,5.14
2/19/07,
2/20/07,5.15
2/21/07,5.18
2/22/07,5.17
2/23/07,5.16
2/26/07,5.15
2/27/07,5.13
2/28/07,5.13
3/1/07,5.15
3/2/07,5.14
3/5/07,5.14
3/6/07,5.15
3/7/07,5.14
3/8/07,5.14
3/9/07,5.13
3/12/07,5.14
3/13/07,5.14
3/14/07,5.14
3/15/07,5.12
3/16/07,5.09
3/19/07,5.09
3/20/07,5.13
3/21/07,5.14
3/22/07,5.14
3/23/07,5.15
3/26/07,5.14
3/27/07,5.11
3/28/07,5.08
3/29/07,4.95
3/30/07,4.97
4/2/07,5.03
4/3/07,5.06
4/4/07,5.06
4/5/07,5
4/6/07,5
4/9/07,4.99
4/10/07,4.91
4/11/07,4.91
4/12/07,4.9
4/13/07,4.88
4/16/07,4.87
4/17/07,4.85
4/18/07,4.84
4/19/07,4.83
4/20/07,4.83
4/23/07,4.83
4/24/07,4.83
4/25/07,4.84
4/26/07,4.81
4/27/07,4.75
4/30/07,4.69
5/1/07,4.59
5/2/07,4.62
5/3/07,4.64
5/4/07,4.64
5/7/07,4.65
5/8/07,4.66
5/9/07,4.65
5/10/07,4.67
5/11/07,4.65
5/14/07,4.61
5/15/07,4.69
5/16/07,4.64
5/17/07,4.7
5/18/07,4.69
5/21/07,4.76
5/22/07,4.91
5/23/07,4.9
5/24/07,4.9
5/25/07,4.88
5/28/07,
5/29/07,4.87
5/30/07,4.85
5/31/07,4.69
6/1/07,4.71
6/4/07,4.69
6/5/07,4.66
6/6/07,4.68
6/7/07,4.7
6/8/07,4.67
6/11/07,4.61
6/12/07,4.56
6/13/07,4.53
6/14/07,4.42
6/15/07,4.37
6/18/07,4.37
6/19/07,4.35
6/20/07,4.33
6/21/07,4.07
6/22/07,4.18
6/25/07,4.3
6/26/07,4.44
6/27/07,4.15
6/28/07,3.97
6/29/07,4.16
7/2/07,4.4
7/3/07,4.67
7/4/07,
7/5/07,4.65
7/6/07,4.6
7/9/07,4.54
7/10/07,4.64
7/11/07,4.63
7/12/07,4.62
7/13/07,4.61
7/16/07,4.62
7/17/07,4.67
7/18/07,4.67
7/19/07,4.67
7/20/07,4.65
7/23/07,4.76
7/24/07,4.95
7/25/07,4.94
7/26/07,4.89
7/27/07,4.8
7/30/07,4.85
7/31/07,5.03
8/1/07,4.96
8/2/07,4.93
8/3/07,4.85
8/6/07,4.83
8/7/07,4.95
8/8/07,4.94
8/9/07,4.6
8/10/07,4.28
8/13/07,4.51
8/14/07,4.53
8/15/07,4.1
8/16/07,3.03
8/17/07,2.91
8/20/07,2.35
8/21/07,3.1
8/22/07,3.04
8/23/07,3.71
8/24/07,4.16
8/27/07,4.67
8/28/07,4.51
8/29/07,3.94
8/30/07,3.62
8/31/07,3.95
9/3/07,
9/4/07,4.48
9/5/07,4.32
9/6/07,4.2
9/7/07,3.95
9/10/07,3.86
9/11/07,4.05
9/12/07,3.92
9/13/07,3.96
9/14/07,3.77
9/17/07,3.71
9/18/07,3.8
9/19/07,3.54
9/20/07,3.38
9/21/07,3.15
9/24/07,3.22
9/25/07,3.28
9/26/07,3.18
9/27/07,3.22
9/28/07,3.34
10/1/07,3.39
10/2/07,3.55
10/3/07,3.59
10/4/07,3.54
10/5/07,3.48
10/8/07,
10/9/07,3.59
10/10/07,3.73
10/11/07,3.9
10/12/07,4.04
10/15/07,4.16
10/16/07,4.06
10/17/07,3.66
10/18/07,3.12
10/19/07,3.35
10/22/07,3.58
10/23/07,3.9
10/24/07,3.76
10/25/07,3.84
10/26/07,3.9
10/29/07,3.88
10/30/07,3.95
10/31/07,3.93
11/1/07,3.83
11/2/07,3.67
11/5/07,3.81
11/6/07,3.91
11/7/07,3.71
11/8/07,3.5
11/9/07,3.37
11/12/07,
11/13/07,3.71
11/14/07,3.8
11/15/07,3.69
11/16/07,3.74
11/19/07,3.72
11/20/07,3.58
11/21/07,3.48
11/22/07,
11/23/07,3.61
11/26/07,3.53
11/27/07,3.61
11/28/07,3.47
11/29/07,3.34
11/30/07,3.6
12/3/07,3.57
12/4/07,3.1
12/5/07,3.1
12/6/07,3.03
12/7/07,2.98
12/10/07,2.99
12/11/07,2.84
12/12/07,2.84
12/13/07,2.64
12/14/07,2.55
12/17/07,2.69
12/18/07,2.7
12/19/07,2.6
12/20/07,2.34
12/21/07,2.35
12/24/07,2.61
12/25/07,
12/26/07,2.97
12/27/07,2.78
12/28/07,2.47
12/31/07,2.61
1/1/08,
1/2/08,3.02
1/3/08,3.13
1/4/08,3.16
1/7/08,3.21
1/8/08,3.25
1/9/08,3.28
1/10/08,3.32
1/11/08,3.18
1/14/08,3.14
1/15/08,3.09
1/16/08,3.08
1/17/08,3.01
1/18/08,2.56
1/21/08,
1/22/08,2.08
1/23/08,2.03
1/24/08,2.14
1/25/08,2.01
1/28/08,2.05
1/29/08,2.09
1/30/08,1.89
1/31/08,1.6
2/1/08,1.7
2/4/08,2.1
2/5/08,2.18
2/6/08,2.08
2/7/08,2.15
2/8/08,2.2
2/11/08,2.31
2/12/08,2.5
2/13/08,2.45
2/14/08,2.46
2/15/08,2.36
2/18/08,
2/19/08,2.34
2/20/08,2.36
2/21/08,2.31
2/22/08,2.29
2/25/08,2.31
2/26/08,2.3
2/27/08,2.17
2/28/08,2.05
2/29/08,2.04
3/3/08,2.01
3/4/08,1.99
3/5/08,1.9
3/6/08,1.73
3/7/08,1.65
3/10/08,1.66
3/11/08,1.8
3/12/08,1.67
3/13/08,1.55
3/14/08,1.18
3/17/08,1.15
3/18/08,0.7
3/19/08,0.25
3/20/08,0.35
3/21/08,
3/24/08,0.58
3/25/08,1.45
3/26/08,1.34
3/27/08,1.3
3/28/08,1.27
3/31/08,1.18
4/1/08,1.53
4/2/08,1.53
4/3/08,1.55
4/4/08,1.49
4/7/08,1.4
4/8/08,1.32
4/9/08,1.04
4/10/08,0.95
4/11/08,0.87
4/14/08,0.82
4/15/08,0.83
4/16/08,0.84
4/17/08,0.84
4/18/08,0.86
4/21/08,0.83
4/22/08,0.71
4/23/08,0.76
4/24/08,0.78
4/25/08,0.76
4/28/08,0.86
4/29/08,1.26
4/30/08,1.15
5/1/08,1.2
5/2/08,1.21
5/5/08,1.3
5/6/08,1.51
5/7/08,1.54
5/8/08,1.52
5/9/08,1.57
5/12/08,1.7
5/13/08,1.83
5/14/08,1.83
5/15/08,1.81
5/16/08,1.82
5/19/08,1.92
5/20/08,1.94
5/21/08,1.93
5/22/08,1.95
5/23/08,1.9
5/26/08,
5/27/08,1.89
5/28/08,2.05
5/29/08,2
5/30/08,1.96
6/2/08,1.92
6/3/08,1.93
6/4/08,1.82
6/5/08,1.76
6/6/08,1.72
6/9/08,1.77
6/10/08,1.97
6/11/08,1.88
6/12/08,1.89
6/13/08,1.83
6/16/08,1.85
6/17/08,1.79
6/18/08,1.67
6/19/08,1.56
6/20/08,1.45
6/23/08,1.49
6/24/08,1.56
6/25/08,1.46
6/26/08,1.39
6/27/08,1.25
6/30/08,1.54
7/1/08,1.89
7/2/08,1.84
7/3/08,1.83
7/4/08,
7/7/08,1.77
7/8/08,1.83
7/9/08,1.79
7/10/08,1.45
7/11/08,1.35
7/14/08,1.39
7/15/08,1.47
7/16/08,1.34
7/17/08,1.29
7/18/08,1.25
7/21/08,1.29
7/22/08,1.48
7/23/08,1.57
7/24/08,1.67
7/25/08,1.7
7/28/08,1.65
7/29/08,1.7
7/30/08,1.64
7/31/08,1.52
8/1/08,1.49
8/4/08,1.57
8/5/08,1.7
8/6/08,1.5
8/7/08,1.5
8/8/08,1.6
8/11/08,1.73
8/12/08,1.7
8/13/08,1.77
8/14/08,1.73
8/15/08,1.7
8/18/08,1.74
8/19/08,1.8
8/20/08,1.72
8/21/08,1.71
8/22/08,1.65
8/25/08,1.63
8/26/08,1.65
8/27/08,1.56
8/28/08,1.6
8/29/08,1.6
9/1/08,
9/2/08,1.61
9/3/08,1.54
9/4/08,1.53
9/5/08,1.5
9/8/08,1.56
9/9/08,1.57
9/10/08,1.56
9/11/08,1.51
9/12/08,1.35
9/15/08,0.28
9/16/08,0.23
9/17/08,0.07
9/18/08,0.26
9/19/08,0.73
9/22/08,0.69
9/23/08,0.3
9/24/08,0.12
9/25/08,0.38
9/26/08,0.17
9/29/08,0.06
9/30/08,1.01
10/1/08,0.65
10/2/08,0.19
10/3/08,0.13
10/6/08,0.15
10/7/08,0.38
10/8/08,0.21
10/9/08,0.17
10/10/08,0.06
10/13/08,
10/14/08,0.05
10/15/08,0.05
10/16/08,0.1
10/17/08,0.07
10/20/08,0.42
10/21/08,0.69
10/22/08,0.57
10/23/08,0.35
10/24/08,0.28
10/27/08,0.23
10/28/08,0.41
10/29/08,0.4
10/30/08,0.13
10/31/08,0.11
11/3/08,0.18
11/4/08,0.29
11/5/08,0.15
11/6/08,0.13
11/7/08,0.12
11/10/08,0.1
11/11/08,
11/12/08,0.1
11/13/08,0.08
11/14/08,0.06
11/17/08,0.06
11/18/08,0.1
11/19/08,0.09
11/20/08,0.05
11/21/08,0.03
11/24/08,0.01
11/25/08,0.04
11/26/08,0.02
11/27/08,
11/28/08,0.02
12/1/08,0.09
12/2/08,0.04
12/3/08,0.02
12/4/08,0.01
12/5/08,0.02
12/8/08,0.01
12/9/08,0.04
12/10/08,0
12/11/08,-0.01
12/12/08,0.03
12/15/08,0
12/16/08,0.05
12/17/08,0.03
12/18/08,0.03
12/19/08,-0.01
12/22/08,0.01
12/23/08,0.01
12/24/08,0
12/25/08,
12/26/08,0.01
12/29/08,0.04
12/30/08,0.11
12/31/08,0.11
1/1/09,
1/2/09,0.04
1/5/09,0.04
1/6/09,0.05
1/7/09,0.03
1/8/09,0.04
1/9/09,0.03
1/12/09,0.03
1/13/09,0.02
1/14/09,0.07
1/15/09,0.03
1/16/09,0.04
1/19/09,
1/20/09,0.03
1/21/09,0.03
1/22/09,0.03
1/23/09,0.03
1/26/09,0.01
1/27/09,0.05
1/28/09,0.08
1/29/09,0.14
1/30/09,0.14
2/2/09,0.18
2/3/09,0.28
2/4/09,0.26
2/5/09,0.21
2/6/09,0.21
2/9/09,0.21
2/10/09,0.24
2/11/09,0.22
2/12/09,0.25
2/13/09,0.23
2/16/09,
2/17/09,0.25
2/18/09,0.23
2/19/09,0.22
2/20/09,0.19
2/23/09,0.18
2/24/09,0.22
2/25/09,0.21
2/26/09,0.18
2/27/09,0.16
3/2/09,0.15
3/3/09,0.14
3/4/09,0.14
3/5/09,0.1
3/6/09,0.08
3/9/09,0.11
3/10/09,0.14
3/11/09,0.14
3/12/09,0.1
3/13/09,0.08
3/16/09,0.09
3/17/09,0.14
3/18/09,0.15
3/19/09,0.09
3/20/09,0.08
3/23/09,0.08
3/24/09,0.05
3/25/09,0.02
3/26/09,0.01
3/27/09,0.02
3/30/09,0.04
3/31/09,0.17
4/1/09,0.18
4/2/09,0.17
4/3/09,0.16
4/6/09,0.16
4/7/09,0.17
4/8/09,0.15
4/9/09,0.13
4/10/09,
4/13/09,0.12
4/14/09,0.09
4/15/09,0.07
4/16/09,0.02
4/17/09,0.04
4/20/09,0.03
4/21/09,0.07
4/22/09,0.08
4/23/09,0.08
4/24/09,0.07
4/27/09,0.07
4/28/09,0.05
4/29/09,0.04
4/30/09,0.04
5/1/09,0.05
5/4/09,0.13
5/5/09,0.14
5/6/09,0.14
5/7/09,0.15
5/8/09,0.15
5/11/09,0.16
5/12/09,0.16
5/13/09,0.15
5/14/09,0.1
5/15/09,0.11
5/18/09,0.11
5/19/09,0.14
5/20/09,0.18
5/21/09,0.13
5/22/09,0.13
5/25/09,
5/26/09,0.12
5/27/09,0.18
5/28/09,0.14
5/29/09,0.14
6/1/09,0.13
6/2/09,0.06
6/3/09,0.08
6/4/09,0.08
6/5/09,0.07
6/8/09,0.07
6/9/09,0.09
6/10/09,0.11
6/11/09,0.09
6/12/09,0.07
6/15/09,0.07
6/16/09,0.09
6/17/09,0.11
6/18/09,0.12
6/19/09,0.1
6/22/09,0.11
6/23/09,0.15
6/24/09,0.1
6/25/09,0.06
6/26/09,0.06
6/29/09,0.1
6/30/09,0.17
7/1/09,0.13
7/2/09,0.15
7/3/09,
7/6/09,0.15
7/7/09,0.16
7/8/09,0.15
7/9/09,0.16
7/10/09,0.15
7/13/09,0.15
7/14/09,0.15
7/15/09,0.11
7/16/09,0.15
7/17/09,0.15
7/20/09,0.15
7/21/09,0.16
7/22/09,0.15
7/23/09,0.15
7/24/09,0.15
7/27/09,0.14
7/28/09,0.14
7/29/09,0.14
7/30/09,0.14
7/31/09,0.14
8/3/09,0.14
8/4/09,0.15
8/5/09,0.15
8/6/09,0.15
8/7/09,0.14
8/10/09,0.14
8/11/09,0.14
8/12/09,0.14
8/13/09,0.1
8/14/09,0.09
8/17/09,0.1
8/18/09,0.14
8/19/09,0.1
8/20/09,0.11
8/21/09,0.1
8/24/09,0.1
8/25/09,0.12
8/26/09,0.11
8/27/09,0.11
8/28/09,0.11
8/31/09,0.11
9/1/09,0.08
9/2/09,0.09
9/3/09,0.09
9/4/09,0.09
9/7/09,
9/8/09,0.09
9/9/09,0.09
9/10/09,0.08
9/11/09,0.08
9/14/09,0.07
9/15/09,0.05
9/16/09,0.03
9/17/09,0.03
9/18/09,0.03
9/21/09,0.04
9/22/09,0.05
9/23/09,0.05
9/24/09,0.03
9/25/09,0.03
9/28/09,0.02
9/29/09,0.07
9/30/09,0.06
10/1/09,0.03
10/2/09,0.03
10/5/09,0.03
10/6/09,0.05
10/7/09,0.06
10/8/09,0.03
10/9/09,0.04
10/12/09,
10/13/09,0.04
10/14/09,0.05
10/15/09,0.06
10/16/09,0.06
10/19/09,0.06
10/20/09,0.05
10/21/09,0.05
10/22/09,0.02
10/23/09,0.02
10/26/09,0.04
10/27/09,0.05
10/28/09,0.04
10/29/09,0.02
10/30/09,0.01
11/2/09,0.03
11/3/09,0.04
11/4/09,0.05
11/5/09,0.06
11/6/09,0.06
11/9/09,0.06
11/10/09,0.06
11/11/09,
11/12/09,0.06
11/13/09,0.05
11/16/09,0.05
11/17/09,0.05
11/18/09,0.04
11/19/09,0.03
11/20/09,0.04
11/23/09,0.05
11/24/09,0.06
11/25/09,0.07
11/26/09,
11/27/09,0.06
11/30/09,0.08
12/1/09,0.09
12/2/09,0.08
12/3/09,0.09
12/4/09,0.08
12/7/09,0.08
12/8/09,0.02
12/9/09,0.01
12/10/09,0.01
12/11/09,0.01
12/14/09,0.02
12/15/09,0.02
12/16/09,0.02
12/17/09,0.01
12/18/09,0.01
12/21/09,0
12/22/09,0.01
12/23/09,0.01
12/24/09,0.02
12/25/09,
12/28/09,0.02
12/29/09,0.02
12/30/09,0.02
12/31/09,0.04
1/1/10,
1/4/10,0.05
1/5/10,0.03
1/6/10,0.03
1/7/10,0.02
1/8/10,0.02
1/11/10,0.01
1/12/10,0.02
1/13/10,0.02
1/14/10,0.02
1/15/10,0.03
1/18/10,
1/19/10,0.03
1/20/10,0.03
1/21/10,0.02
1/22/10,0.02
1/25/10,0.02
1/26/10,0.02
1/27/10,0.01
1/28/10,0.01
1/29/10,0.02
2/1/10,0.05
2/2/10,0.04
2/3/10,0.05
2/4/10,0.04
2/5/10,0.03
2/8/10,0.03
2/9/10,0.05
2/10/10,0.06
2/11/10,0.05
2/12/10,0.04
2/15/10,
2/16/10,0.04
2/17/10,0.07
2/18/10,0.07
2/19/10,0.06
2/22/10,0.06
2/23/10,0.08
2/24/10,0.08
2/25/10,0.09
2/26/10,0.09
3/1/10,0.08
3/2/10,0.09
3/3/10,0.09
3/4/10,0.09
3/5/10,0.1
3/8/10,0.1
3/9/10,0.12
3/10/10,0.12
3/11/10,0.12
3/12/10,0.1
3/15/10,0.11
3/16/10,0.14
3/17/10,0.13
3/18/10,0.14
3/19/10,0.13
3/22/10,0.13
3/23/10,0.11
3/24/10,0.12
3/25/10,0.12
3/26/10,0.11
3/29/10,0.11
3/30/10,0.13
3/31/10,0.15
4/1/10,0.16
4/2/10,0.15
4/5/10,0.16
4/6/10,0.17
4/7/10,0.16
4/8/10,0.16
4/9/10,0.16
4/12/10,0.15
4/13/10,0.15
4/14/10,0.15
4/15/10,0.16
4/16/10,0.15
4/19/10,0.15
4/20/10,0.14
4/21/10,0.14
4/22/10,0.15
4/23/10,0.14
4/26/10,0.14
4/27/10,0.14
4/28/10,0.14
4/29/10,0.15
4/30/10,0.14
5/3/10,0.14
5/4/10,0.15
5/5/10,0.14
5/6/10,0.06
5/7/10,0.08
5/10/10,0.13
5/11/10,0.15
5/12/10,0.16
5/13/10,0.15
5/14/10,0.15
5/17/10,0.16
5/18/10,0.17
5/19/10,0.17
5/20/10,0.17
5/21/10,0.17
5/24/10,0.16
5/25/10,0.16
5/26/10,0.16
5/27/10,0.16
5/28/10,0.15
5/31/10,
6/1/10,0.14
6/2/10,0.13
6/3/10,0.13
6/4/10,0.12
6/7/10,0.1
6/8/10,0.1
6/9/10,0.08
6/10/10,0.06
6/11/10,0.04
6/14/10,0.02
6/15/10,0.03
6/16/10,0.06
6/17/10,0.05
6/18/10,0.04
6/21/10,0.04
6/22/10,0.08
6/23/10,0.07
6/24/10,0.07
6/25/10,0.04
6/28/10,0.06
6/29/10,0.09
6/30/10,0.17
7/1/10,0.16
7/2/10,0.16
7/5/10,
7/6/10,0.17
7/7/10,0.17
7/8/10,0.17
7/9/10,0.16
7/12/10,0.16
7/13/10,0.16
7/14/10,0.16
7/15/10,0.16
7/16/10,0.14
7/19/10,0.15
7/20/10,0.16
7/21/10,0.16
7/22/10,0.15
7/23/10,0.15
7/26/10,0.15
7/27/10,0.16
7/28/10,0.15
7/29/10,0.15
7/30/10,0.14
8/2/10,0.14
8/3/10,0.15
8/4/10,0.15
8/5/10,0.15
8/6/10,0.14
8/9/10,0.14
8/10/10,0.15
8/11/10,0.15
8/12/10,0.15
8/13/10,0.14
8/16/10,0.15
8/17/10,0.16
8/18/10,0.16
8/19/10,0.16
8/20/10,0.15
8/23/10,0.15
8/24/10,0.17
8/25/10,0.17
8/26/10,0.17
8/27/10,0.17
8/30/10,0.16
8/31/10,0.16
9/1/10,0.16
9/2/10,0.15
9/3/10,0.15
9/6/10,
9/7/10,0.13
9/8/10,0.1
9/9/10,0.1
9/10/10,0.1
9/13/10,0.09
9/14/10,0.11
9/15/10,0.11
9/16/10,0.12
9/17/10,0.12
9/20/10,0.11
9/21/10,0.12
9/22/10,0.12
9/23/10,0.13
9/24/10,0.09
9/27/10,0.07
9/28/10,0.08
9/29/10,0.12
9/30/10,0.14
10/1/10,0.15
10/4/10,0.15
10/5/10,0.14
10/6/10,0.14
10/7/10,0.15
10/8/10,0.14
10/11/10,
10/12/10,0.14
10/13/10,0.14
10/14/10,0.15
10/15/10,0.14
10/18/10,0.14
10/19/10,0.14
10/20/10,0.14
10/21/10,0.13
10/22/10,0.13
10/25/10,0.13
10/26/10,0.14
10/27/10,0.14
10/28/10,0.14
10/29/10,0.14
11/1/10,0.14
11/2/10,0.13
11/3/10,0.13
11/4/10,0.13
11/5/10,0.13
11/8/10,0.12
11/9/10,0.11
11/10/10,0.12
11/11/10,
11/12/10,0.11
11/15/10,0.12
11/16/10,0.13
11/17/10,0.13
11/18/10,0.13
11/19/10,0.12
11/22/10,0.12
11/23/10,0.15
11/24/10,0.16
11/25/10,
11/26/10,0.16
11/29/10,0.16
11/30/10,0.18
12/1/10,0.17
12/2/10,0.16
12/3/10,0.14
12/6/10,0.14
12/7/10,0.08
12/8/10,0.08
12/9/10,0.09
12/10/10,0.09
12/13/10,0.09
12/14/10,0.09
12/15/10,0.08
12/16/10,0.08
12/17/10,0.05
12/20/10,0.02
12/21/10,0.09
12/22/10,0.07
12/23/10,0.06
12/24/10,
12/27/10,0.04
12/28/10,0.08
12/29/10,0.05
12/30/10,0.05
12/31/10,0.06
1/3/11,0.1
1/4/11,0.12
1/5/11,0.13
1/6/11,0.13
1/7/11,0.13
1/10/11,0.14
1/11/11,0.15
1/12/11,0.15
1/13/11,0.15
1/14/11,0.14
1/17/11,
1/18/11,0.15
1/19/11,0.16
1/20/11,0.15
1/21/11,0.15
1/24/11,0.15
1/25/11,0.15
1/26/11,0.15
1/27/11,0.13
1/28/11,0.13
1/31/11,0.15
2/1/11,0.16
2/2/11,0.15
2/3/11,0.14
2/4/11,0.13
2/7/11,0.13
2/8/11,0.14
2/9/11,0.11
2/10/11,0.08
2/11/11,0.08
2/14/11,0.09
2/15/11,0.11
2/16/11,0.1
2/17/11,0.08
2/18/11,0.08
2/21/11,
2/22/11,0.1
2/23/11,0.12
2/24/11,0.13
2/25/11,0.12
2/28/11,0.13
3/1/11,0.07
3/2/11,0.12
3/3/11,0.12
3/4/11,0.11
3/7/11,0.1
3/8/11,0.07
3/9/11,0.07
3/10/11,0.04
3/11/11,0.04
3/14/11,0.05
3/15/11,0.07
3/16/11,0.06
3/17/11,0.06
3/18/11,0.06
3/21/11,0.06
3/22/11,0.07
3/23/11,0.06
3/24/11,0.04
3/25/11,0.04
3/28/11,0.03
3/29/11,0.06
3/30/11,0.03
3/31/11,0.05
4/1/11,0.03
4/4/11,0.02
4/5/11,0.05
4/6/11,0.03
4/7/11,0.03
4/8/11,0.02
4/11/11,0.02
4/12/11,0.02
4/13/11,0.03
4/14/11,0.04
4/15/11,0.04
4/18/11,0.03
4/19/11,0.04
4/20/11,0.04
4/21/11,0.03
4/22/11,
4/25/11,0.03
4/26/11,0.02
4/27/11,0.03
4/28/11,0.02
4/29/11,0.02
5/2/11,0.02
5/3/11,0.02
5/4/11,0.02
5/5/11,0.01
5/6/11,0.02
5/9/11,0.01
5/10/11,0.02
5/11/11,0.01
5/12/11,0.01
5/13/11,0.01
5/16/11,0.02
5/17/11,0.03
5/18/11,0.03
5/19/11,0.02
5/20/11,0.03
5/23/11,0.03
5/24/11,0.04
5/25/11,0.04
5/26/11,0.04
5/27/11,0.04
5/30/11,
5/31/11,0.04
6/1/11,0.04
6/2/11,0.04
6/3/11,0.04
6/6/11,0.03
6/7/11,0.01
6/8/11,0.01
6/9/11,0.02
6/10/11,0.02
6/13/11,0.02
6/14/11,0.03
6/15/11,0.02
6/16/11,0.02
6/17/11,0.02
6/20/11,0.02
6/21/11,0.01
6/22/11,0.01
6/23/11,0.01
6/24/11,0.01
6/27/11,0.01
6/28/11,0.01
6/29/11,0.01
6/30/11,0.01
7/1/11,0.01
7/4/11,
7/5/11,0.01
7/6/11,0.01
7/7/11,0.03
7/8/11,0.03
7/11/11,0.02
7/12/11,0.01
7/13/11,0.01
7/14/11,0.01
7/15/11,0.02
7/18/11,0.01
7/19/11,0.02
7/20/11,0.01
7/21/11,0.04
7/22/11,0.05
7/25/11,0.05
7/26/11,0.07
7/27/11,0.08
7/28/11,0.1
7/29/11,0.17
8/1/11,0.14
8/2/11,0.05
8/3/11,0.01
8/4/11,0.01
8/5/11,0.01
8/8/11,0.02
8/9/11,0.02
8/10/11,0.02
8/11/11,0.01
8/12/11,0.01
8/15/11,0
8/16/11,0.02
8/17/11,0.01
8/18/11,0.01
8/19/11,0
8/22/11,0.01
8/23/11,0.01
8/24/11,0.02
8/25/11,0.01
8/26/11,0
8/29/11,0
8/30/11,0.01
8/31/11,0.01
9/1/11,0.02
9/2/11,0.02
9/5/11,
9/6/11,0.02
9/7/11,0
9/8/11,0.01
9/9/11,0
9/12/11,0.01
9/13/11,0
9/14/11,0
9/15/11,0
9/16/11,0.01
9/19/11,-0.01
9/20/11,0
9/21/11,0.01
9/22/11,0
9/23/11,0
9/26/11,0
9/27/11,0
9/28/11,-0.01
9/29/11,-0.01
9/30/11,0.02
10/3/11,0.01
10/4/11,0.01
10/5/11,0
10/6/11,0.01
10/7/11,0.01
10/10/11,
10/11/11,0.01
10/12/11,0.01
10/13/11,0.02
10/14/11,0.02
10/17/11,0.02
10/18/11,0.02
10/19/11,0.01
10/20/11,0.02
10/21/11,0.01
10/24/11,0.01
10/25/11,0.01
10/26/11,0.01
10/27/11,0.02
10/28/11,0.02
10/31/11,0.02
11/1/11,0.01
11/2/11,0.01
11/3/11,0.01
11/4/11,0.01
11/7/11,0.01
11/8/11,0.01
11/9/11,0.01
11/10/11,0.01
11/11/11,
11/14/11,0.01
11/15/11,0.01
11/16/11,0.01
11/17/11,0.01
11/18/11,0.02
11/21/11,0.02
11/22/11,0.02
11/23/11,0.02
11/24/11,
11/25/11,0.02
11/28/11,0.02
11/29/11,0.02
11/30/11,0.02
12/1/11,0.02
12/2/11,0.02
12/5/11,0.01
12/6/11,-0.01
12/7/11,-0.01
12/8/11,0
12/9/11,0
12/12/11,0
12/13/11,0
12/14/11,0
12/15/11,0
12/16/11,0
12/19/11,-0.01
12/20/11,0
12/21/11,-0.01
12/22/11,0
12/23/11,0
12/26/11,
12/27/11,0.01
12/28/11,0
12/29/11,-0.01
12/30/11,0.01
1/2/12,
1/3/12,0.01
1/4/12,0.01
1/5/12,0.01
1/6/12,0.02
1/9/12,0.01
1/10/12,0.01
1/11/12,0.01
1/12/12,0.02
1/13/12,0.02
1/16/12,
1/17/12,0.02
1/18/12,0.02
1/19/12,0.04
1/20/12,0.03
1/23/12,0.03
1/24/12,0.02
1/25/12,0.03
1/26/12,0.04
1/27/12,0.05
1/30/12,0.05
1/31/12,0.04
2/1/12,0.05
2/2/12,0.07
2/3/12,0.06
2/6/12,0.04
2/7/12,0.06
2/8/12,0.06
2/9/12,0.06
2/10/12,0.05
2/13/12,0.05
2/14/12,0.09
2/15/12,0.09
2/16/12,0.04
2/17/12,0.03
2/20/12,
2/21/12,0.02
2/22/12,0.07
2/23/12,0.07
2/24/12,0.08
2/27/12,0.07
2/28/12,0.1
2/29/12,0.08
3/1/12,0.07
3/2/12,0.06
3/5/12,0.07
3/6/12,0.06
3/7/12,0.06
3/8/12,0.07
3/9/12,0.06
3/12/12,0.05
3/13/12,0.06
3/14/12,0.08
3/15/12,0.08
3/16/12,0.07
3/19/12,0.07
3/20/12,0.08
3/21/12,0.09
3/22/12,0.06
3/23/12,0.06
3/26/12,0.06
3/27/12,0.07
3/28/12,0.05
3/29/12,0.02
3/30/12,0.05
4/2/12,0.05
4/3/12,0.07
4/4/12,0.08
4/5/12,0.07
4/6/12,0.06
4/9/12,0.07
4/10/12,0.08
4/11/12,0.08
4/12/12,0.08
4/13/12,0.07
4/16/12,0.07
4/17/12,0.07
4/18/12,0.05
4/19/12,0.04
4/20/12,0.04
4/23/12,0.04
4/24/12,0.07
4/25/12,0.08
4/26/12,0.09
4/27/12,0.07
4/30/12,0.07
5/1/12,0.07
5/2/12,0.06
5/3/12,0.05
5/4/12,0.05
5/7/12,0.06
5/8/12,0.08
5/9/12,0.07
5/10/12,0.08
5/11/12,0.07
5/14/12,0.07
5/15/12,0.08
5/16/12,0.08
5/17/12,0.08
5/18/12,0.06
5/21/12,0.06
5/22/12,0.07
5/23/12,0.07
5/24/12,0.08
5/25/12,0.07
5/28/12,
5/29/12,0.06
5/30/12,0.05
5/31/12,0.03
6/1/12,0.03
6/4/12,0.04
6/5/12,0.05
6/6/12,0.05
6/7/12,0.04
6/8/12,0.04
6/11/12,0.04
6/12/12,0.06
6/13/12,0.07
6/14/12,0.08
6/15/12,0.05
6/18/12,0.05
6/19/12,0.06
6/20/12,0.06
6/21/12,0.05
6/22/12,0.05
6/25/12,0.05
6/26/12,0.07
6/27/12,0.06
6/28/12,0.02
6/29/12,0.04
7/2/12,0.05
7/3/12,0.08
7/4/12,
7/5/12,0.07
7/6/12,0.06
7/9/12,0.06
7/10/12,0.07
7/11/12,0.07
7/12/12,0.08
7/13/12,0.08
7/16/12,0.03
7/17/12,0.08
7/18/12,0.07
7/19/12,0.06
7/20/12,0.07
7/23/12,0.07
7/24/12,0.08
7/25/12,0.08
7/26/12,0.08
7/27/12,0.07
7/30/12,0.05
7/31/12,0.07
8/1/12,0.07
8/2/12,0.04
8/3/12,0.02
8/6/12,0.04
8/7/12,0.09
8/8/12,0.09
8/9/12,0.1
8/10/12,0.1
8/13/12,0.1
8/14/12,0.11
8/15/12,0.11
8/16/12,0.1
8/17/12,0.09
8/20/12,0.09
8/21/12,0.1
8/22/12,0.1
8/23/12,0.1
8/24/12,0.1
8/27/12,0.1
8/28/12,0.12
8/29/12,0.12
8/30/12,0.12
8/31/12,0.09
9/3/12,
9/4/12,0.1
9/5/12,0.11
9/6/12,0.1
9/7/12,0.09
9/10/12,0.09
9/11/12,0.09
9/12/12,0.09
9/13/12,0.1
9/14/12,0.08
9/17/12,0.05
9/18/12,0.08
9/19/12,0.08
9/20/12,0.06
9/21/12,0.05
9/24/12,0.02
9/25/12,0.06
9/26/12,0.05
9/27/12,0.05
9/28/12,0.06
10/1/12,0.05
10/2/12,0.09
10/3/12,0.09
10/4/12,0.1
10/5/12,0.1
10/8/12,
10/9/12,0.11
10/10/12,0.12
10/11/12,0.12
10/12/12,0.12
10/15/12,0.1
10/16/12,0.13
10/17/12,0.13
10/18/12,0.12
10/19/12,0.11
10/22/12,0.1
10/23/12,0.11
10/24/12,0.13
10/25/12,0.13
10/26/12,0.12
10/29/12,0.13
10/30/12,
10/31/12,0.09
11/1/12,0.06
11/2/12,0.08
11/5/12,0.09
11/6/12,0.12
11/7/12,0.12
11/8/12,0.13
11/9/12,0.13
11/12/12,
11/13/12,0.12
11/14/12,0.15
11/15/12,0.13
11/16/12,0.07
11/19/12,0.06
11/20/12,0.15
11/21/12,0.17
11/22/12,
11/23/12,0.16
11/26/12,0.15
11/27/12,0.17
11/28/12,0.17
11/29/12,0.16
11/30/12,0.11
12/3/12,0.13
12/4/12,0.07
12/5/12,0.07
12/6/12,0.07
12/7/12,0.06
12/10/12,0.05
12/11/12,0.04
12/12/12,0.04
12/13/12,0.02
12/14/12,0.01
12/17/12,0.01
12/18/12,0.04
12/19/12,0.03
12/20/12,0.02
12/21/12,0.02
12/24/12,0.02
12/25/12,
12/26/12,0.05
12/27/12,0.01
12/28/12,0
12/31/12,0.02
1/1/13,
1/2/13,0.07
1/3/13,0.06
1/4/13,0.06
1/7/13,0.05
1/8/13,0.06
1/9/13,0.04
1/10/13,0.05
1/11/13,0.04
1/14/13,0.05
1/15/13,0.09
1/16/13,0.07
1/17/13,0.05
1/18/13,0.04
1/21/13,
1/22/13,0.03
1/23/13,0.06
1/24/13,0.06
1/25/13,0.06
1/28/13,0.03
1/29/13,0.03
1/30/13,0.04
1/31/13,0.04
2/1/13,0.02
2/4/13,0.03
2/5/13,0.06
2/6/13,0.06
2/7/13,0.03
2/8/13,0.03
2/11/13,0.05
2/12/13,0.08
2/13/13,0.09
2/14/13,0.1
2/15/13,0.09
2/18/13,
2/19/13,0.09
2/20/13,0.12
2/21/13,0.12
2/22/13,0.11
2/25/13,0.09
2/26/13,0.11
2/27/13,0.11
2/28/13,0.07
3/1/13,0.07
3/4/13,0.06
3/5/13,0.09
3/6/13,0.09
3/7/13,0.1
3/8/13,0.09
3/11/13,0.09
3/12/13,0.1
3/13/13,0.09
3/14/13,0.08
3/15/13,0.07
3/18/13,0.07
3/19/13,0.08
3/20/13,0.08
3/21/13,0.08
3/22/13,0.07
3/25/13,0.06
3/26/13,0.08
3/27/13,0.06
3/28/13,0.04
3/29/13,
4/1/13,0.06
4/2/13,0.06
4/3/13,0.06
4/4/13,0.07
4/5/13,0.05
4/8/13,0.05
4/9/13,0.06
4/10/13,0.07
4/11/13,0.06
4/12/13,0.05
4/15/13,0.04
4/16/13,0.06
4/17/13,0.05
4/18/13,0.03
4/19/13,0.04
4/22/13,0.04
4/23/13,0.04
4/24/13,0.05
4/25/13,0.04
4/26/13,0.04
4/29/13,0.03
4/30/13,0.03
5/1/13,0.03
5/2/13,0.02
5/3/13,0.02
5/6/13,0.01
5/7/13,0.01
5/8/13,0.01
5/9/13,0.02
5/10/13,0.02
5/13/13,0.02
5/14/13,0.01
5/15/13,0.01
5/16/13,0
5/17/13,0.01
5/20/13,0.01
5/21/13,0.04
5/22/13,0.04
5/23/13,0.03
5/24/13,0.03
5/27/13,
5/28/13,0.02
5/29/13,0.04
5/30/13,0.02
5/31/13,0.03
6/3/13,0.03
6/4/13,0.05
6/5/13,0.04
6/6/13,0.04
6/7/13,0.04
6/10/13,0.04
6/11/13,0.05
6/12/13,0.04
6/13/13,0.04
6/14/13,0.04
6/17/13,0.05
6/18/13,0.04
6/19/13,0.04
6/20/13,0.03
6/21/13,0.02
6/24/13,0.01
6/25/13,0.03
6/26/13,0.02
6/27/13,0.02
6/28/13,0.02
7/1/13,0.01
7/2/13,0.02
7/3/13,0.03
7/4/13,
7/5/13,0.03
7/8/13,0.02
7/9/13,0.04
7/10/13,0.03
7/11/13,0.02
7/12/13,0.02
7/15/13,0.02
7/16/13,0.02
7/17/13,0.02
7/18/13,0.01
7/19/13,0.01
7/22/13,0.01
7/23/13,0.02
7/24/13,0.02
7/25/13,0.02
7/26/13,0.02
7/29/13,0.01
7/30/13,0.03
7/31/13,0.03
8/1/13,0.02
8/2/13,0.02
8/5/13,0.03
8/6/13,0.05
8/7/13,0.05
8/8/13,0.05
8/9/13,0.05
8/12/13,0.05
8/13/13,0.06
8/14/13,0.06
8/15/13,0.05
8/16/13,0.05
8/19/13,0.03
8/20/13,0.03
8/21/13,0.02
8/22/13,0.01
8/23/13,0.02
8/26/13,0.03
8/27/13,0.04
8/28/13,0.04
8/29/13,0.03
8/30/13,0.02
9/2/13,
9/3/13,0.03
9/4/13,0.02
9/5/13,0.03
9/6/13,0.02
9/9/13,0.02
9/10/13,0.01
9/11/13,0.01
9/12/13,0.01
9/13/13,0.01
9/16/13,0.01
9/17/13,0.01
9/18/13,0.01
9/19/13,0
9/20/13,0.01
9/23/13,0.01
9/24/13,0.02
9/25/13,0.02
9/26/13,0.04
9/27/13,0.03
9/30/13,0.03
10/1/13,0.1
10/2/13,0.08
10/3/13,0.13
10/4/13,0.12
10/7/13,0.15
10/8/13,0.27
10/9/13,0.27
10/10/13,0.26
10/11/13,0.26
10/14/13,
10/15/13,0.35
10/16/13,0.14
10/17/13,0.01
10/18/13,0.01
10/21/13,0.02
10/22/13,0.04
10/23/13,0.02
10/24/13,0.02
10/25/13,0.02
10/28/13,0.02
10/29/13,0.06
10/30/13,0.05
10/31/13,0.03
11/1/13,0.03
11/4/13,0.02
11/5/13,0.06
11/6/13,0.05
11/7/13,0.04
11/8/13,0.04
11/11/13,
11/12/13,0.05
11/13/13,0.06
11/14/13,0.06
11/15/13,0.06
11/18/13,0.04
11/19/13,0.05
11/20/13,0.06
11/21/13,0.02
11/22/13,0.02
11/25/13,0.03
11/26/13,0.07
11/27/13,0.06
11/28/13,
11/29/13,0.05
12/2/13,0.02
12/3/13,0.04
12/4/13,0.04
12/5/13,0.02
12/6/13,0.03
12/9/13,0.03
12/10/13,0.03
12/11/13,0.02
12/12/13,0.01
12/13/13,0.02
12/16/13,0.01
12/17/13,0.02
12/18/13,0.01
12/19/13,0.01
12/20/13,0.01
12/23/13,0.01
12/24/13,0.01
12/25/13,
12/26/13,0
12/27/13,0
12/30/13,0.01
12/31/13,0.01
1/1/14,
1/2/14,0.01
1/3/14,0.01
1/6/14,0.01
1/7/14,0.01
1/8/14,0
1/9/14,0.01
1/10/14,0.01
1/13/14,0
1/14/14,0
1/15/14,0.01
1/16/14,0.01
1/17/14,0.01
1/20/14,
1/21/14,0.01
1/22/14,0
1/23/14,0.01
1/24/14,0.04
1/27/14,0.04
1/28/14,0.05
1/29/14,0.04
1/30/14,0.04
1/31/14,0.03
2/3/14,0.04
2/4/14,0.12
2/5/14,0.13
2/6/14,0.07
2/7/14,0.1
2/10/14,0.07
2/11/14,0.05
2/12/14,0.01
2/13/14,0.01
2/14/14,0.01
2/17/14,
2/18/14,0.02
2/19/14,0.04
2/20/14,0.02
2/21/14,0.02
2/24/14,0.02
2/25/14,0.04
2/26/14,0.04
2/27/14,0.04
2/28/14,0.04
3/3/14,0.04
3/4/14,0.06
3/5/14,0.06
3/6/14,0.06
3/7/14,0.06
3/10/14,0.05
3/11/14,0.06
3/12/14,0.05
3/13/14,0.06
3/14/14,0.05
3/17/14,0.05
3/18/14,0.07
3/19/14,0.07
3/20/14,0.06
3/21/14,0.05
3/24/14,0.05
3/25/14,0.05
3/26/14,0.05
3/27/14,0.02
3/28/14,0.03
3/31/14,0.03
4/1/14,0.02
4/2/14,0.02
4/3/14,0.03
4/4/14,0.03
4/7/14,0.03
4/8/14,0.04
4/9/14,0.03
4/10/14,0.03
4/11/14,0.04
4/14/14,0.03
4/15/14,0.03
4/16/14,0.03
4/17/14,0.02
4/18/14,
4/21/14,0.02
4/22/14,0.02
4/23/14,0.02
4/24/14,0
4/25/14,0.01
4/28/14,0
4/29/14,0.02
4/30/14,0.02
5/1/14,0.02
5/2/14,0.01
5/5/14,0.01
5/6/14,0.03
5/7/14,0.03
5/8/14,0.02
5/9/14,0.02
5/12/14,0.02
5/13/14,0.03
5/14/14,0.02
5/15/14,0.01
5/16/14,0.01
5/19/14,0.01
5/20/14,0.04
5/21/14,0.04
5/22/14,0.03
5/23/14,0.04
5/26/14,
5/27/14,0.03
5/28/14,0.04
5/29/14,0.05
5/30/14,0.05
6/2/14,0.04
6/3/14,0.04
6/4/14,0.04
6/5/14,0.03
6/6/14,0.02
6/9/14,0.03
6/10/14,0.04
6/11/14,0.03
6/12/14,0.02
6/13/14,0.02
6/16/14,0.03
6/17/14,0.03
6/18/14,0.03
6/19/14,0.01
6/20/14,0.01
6/23/14,0.02
6/24/14,0.01
6/25/14,0.01
6/26/14,0.01
6/27/14,0.02
6/30/14,0.02
7/1/14,0.03
7/2/14,0.02
7/3/14,0.01
7/4/14,
7/7/14,0.02
7/8/14,0.02
7/9/14,0.03
7/10/14,0.02
7/11/14,0.02
7/14/14,0.02
7/15/14,0.02
7/16/14,0.02
7/17/14,0.02
7/18/14,0.03
7/21/14,0.02
7/22/14,0.03
7/23/14,0.03
7/24/14,0.04
7/25/14,0.03
7/28/14,0.03
7/29/14,0.03
7/30/14,0.03
7/31/14,0.01
8/1/14,0.01
8/4/14,0.02
8/5/14,0.03
8/6/14,0.03
8/7/14,0.03
8/8/14,0.03
8/11/14,0.03
8/12/14,0.05
8/13/14,0.04
8/14/14,0.04
8/15/14,0.03
8/18/14,0.02
8/19/14,0.04
8/20/14,0.04
8/21/14,0.03
8/22/14,0.04
8/25/14,0.02
8/26/14,0.04
8/27/14,0.02
8/28/14,0.02
8/29/14,0.02
9/1/14,
9/2/14,0.02
9/3/14,0.02
9/4/14,0.02
9/5/14,0.02
9/8/14,0.01
9/9/14,0.01
9/10/14,0.01
9/11/14,0.01
9/12/14,0.01
9/15/14,0.01
9/16/14,0.01
9/17/14,0.01
9/18/14,0.01
9/19/14,0.01
9/22/14,0
9/23/14,0.01
9/24/14,0.01
9/25/14,0
9/26/14,0.01
9/29/14,0.01
9/30/14,0.02
10/1/14,0.01
10/2/14,0.01
10/3/14,0.01
10/6/14,0.01
10/7/14,0.02
10/8/14,0.01
10/9/14,0.02
10/10/14,0.02
10/13/14,
10/14/14,0.03
10/15/14,0.02
10/16/14,0.04
10/17/14,0.03
10/20/14,0.03
10/21/14,0.04
10/22/14,0.04
10/23/14,0.02
10/24/14,0.02
10/27/14,0.03
10/28/14,0.02
10/29/14,0.01
10/30/14,0.01
10/31/14,0.01
11/3/14,0.03
11/4/14,0.04
11/5/14,0.04
11/6/14,0.04
11/7/14,0.04
11/10/14,0.04
11/11/14,
11/12/14,0.05
11/13/14,0.05
11/14/14,0.04
11/17/14,0.02
11/18/14,0.04
11/19/14,0.04
11/20/14,0.04
11/21/14,0.04
11/24/14,0.04
11/25/14,0.06
11/26/14,0.06
11/27/14,
11/28/14,0.04
12/1/14,0.01
12/2/14,0.04
12/3/14,0.03
12/4/14,0.03
12/5/14,0.02
12/8/14,0.03
12/9/14,0.05
12/10/14,0.05
12/11/14,0.02
12/12/14,0.02
12/15/14,0.02
12/16/14,0.03
12/17/14,0.03
12/18/14,0.04
12/19/14,0.01
12/22/14,0.01
12/23/14,0.02
12/24/14,0.01
12/25/14,
12/26/14,0.01
12/29/14,0.01
12/30/14,0.03
12/31/14,0.03
1/1/15,
1/2/15,0.02
1/5/15,0.02
1/6/15,0.02
1/7/15,0.02
1/8/15,0.01
1/9/15,0.02
1/12/15,0.02
1/13/15,0.02
1/14/15,0.02
1/15/15,0.03
1/16/15,0.02
1/19/15,
1/20/15,0.01
1/21/15,0.01
1/22/15,0.02
1/23/15,0.02
1/26/15,0.02
1/27/15,0.02
1/28/15,0.02
1/29/15,0.01
1/30/15,0.01
2/2/15,0.01
2/3/15,0.02
2/4/15,0.01
2/5/15,0.02
2/6/15,0.01
2/9/15,0.02
2/10/15,0.02
2/11/15,0.02
2/12/15,0.02
2/13/15,0.02
2/16/15,
2/17/15,0.02
2/18/15,0.02
2/19/15,0.02
2/20/15,0.02
2/23/15,0.01
2/24/15,0.02
2/25/15,0.02
2/26/15,0.02
2/27/15,0.02
3/2/15,0.02
3/3/15,0.01
3/4/15,0.01
3/5/15,0.02
3/6/15,0.02
3/9/15,0.01
3/10/15,0.03
3/11/15,0.03
3/12/15,0.03
3/13/15,0.03
3/16/15,0.02
3/17/15,0.05
3/18/15,0.02
3/19/15,0.02
3/20/15,0
3/23/15,0.02
3/24/15,0.03
3/25/15,0.02
3/26/15,0.02
3/27/15,0.02
3/30/15,0.02
3/31/15,0.05
4/1/15,0.02
4/2/15,0.02
4/3/15,0.04
4/6/15,0.02
4/7/15,0.02
4/8/15,0.02
4/9/15,0.02
4/10/15,0.01
4/13/15,0.02
4/14/15,0.02
4/15/15,0.02
4/16/15,0.03
4/17/15,0.03
4/20/15,0.03
4/21/15,0.02
4/22/15,0.01
4/23/15,0.01
4/24/15,0.03
4/27/15,0.01
4/28/15,-0.02
4/29/15,-0.02
4/30/15,-0.01
5/1/15,0
5/4/15,0.01
5/5/15,0.01
5/6/15,0.02
5/7/15,0.01
5/8/15,0.01
5/11/15,0.02
5/12/15,0.01
5/13/15,0.02
5/14/15,0
5/15/15,0.02
5/18/15,0.01
5/19/15,0.02
5/20/15,0.02
5/21/15,0.02
5/22/15,0.01
5/25/15,
5/26/15,0.01
5/27/15,0.02
5/28/15,0.01
5/29/15,0.01
6/1/15,0.02
6/2/15,0.02
6/3/15,0.02
6/4/15,0.02
6/5/15,0.02
6/8/15,0.01
6/9/15,0.01
6/10/15,0.01
6/11/15,0.01
6/12/15,0.01
6/15/15,0
6/16/15,0
6/17/15,0
6/18/15,-0.01
6/19/15,-0.01
6/22/15,-0.02
6/23/15,-0.01
6/24/15,-0.01
6/25/15,-0.01
6/26/15,0
6/29/15,-0.01
6/30/15,0.02
7/1/15,0.01
7/2/15,0.01
7/3/15,
7/6/15,0.01
7/7/15,0.02
7/8/15,0.02
7/9/15,0.02
7/10/15,0.01
7/13/15,0.02
7/14/15,0.03
7/15/15,0.03
7/16/15,0.03
7/17/15,0.03
7/20/15,0.03
7/21/15,0.04
7/22/15,0.04
7/23/15,0.04
7/24/15,0.04
7/27/15,0.04
7/28/15,0.05
7/29/15,0.05
7/30/15,0.05
7/31/15,0.04
8/3/15,0.02
8/4/15,0.05
8/5/15,0.05
8/6/15,0.04
8/7/15,0.03
8/10/15,0.02
8/11/15,0.06
8/12/15,0.06
8/13/15,0.06
8/14/15,0.04
8/17/15,0.02
8/18/15,0.05
8/19/15,0.05
8/20/15,0.01
8/21/15,0.02
8/24/15,0.02
8/25/15,0.04
8/26/15,0.03
8/27/15,0.02
8/28/15,0.02
8/31/15,0
9/1/15,0.01
9/2/15,0.01
9/3/15,0.02
9/4/15,0.02
9/7/15,
9/8/15,0.02
9/9/15,0.02
9/10/15,0.02
9/11/15,0.04
9/14/15,0.02
9/15/15,0
9/16/15,-0.01
9/17/15,-0.01
9/18/15,-0.01
9/21/15,-0.01
9/22/15,-0.02
9/23/15,-0.03
9/24/15,-0.03
9/25/15,-0.02
9/28/15,-0.02
9/29/15,-0.01
9/30/15,-0.02
10/1/15,-0.01
10/2/15,-0.02
10/5/15,-0.02
10/6/15,-0.01
10/7/15,0
10/8/15,-0.01
10/9/15,0.01
10/12/15,
10/13/15,0
10/14/15,0
10/15/15,0
10/16/15,0.03
10/19/15,0.07
10/20/15,0.08
10/21/15,0.01
10/22/15,0.02
10/23/15,0.01
10/26/15,0.01
10/27/15,0.01
10/28/15,0.03
10/29/15,0.02
10/30/15,0.01
11/2/15,0.01
11/3/15,0.07
11/4/15,0.07
11/5/15,0.04
11/6/15,0.04
11/9/15,0.05
11/10/15,0.08
11/11/15,
11/12/15,0.08
11/13/15,0.03
11/16/15,0.04
11/17/15,0.07
11/18/15,0.07
11/19/15,0.06
11/20/15,0.05
11/23/15,0.05
11/24/15,0.13
11/25/15,0.14
11/26/15,
11/27/15,0.13
11/30/15,0.1
12/1/15,0.19
12/2/15,0.19
12/3/15,0.18
12/4/15,0.17
12/7/15,0.2
12/8/15,0.23
12/9/15,0.19
12/10/15,0.19
12/11/15,0.15
12/14/15,0.12
12/15/15,0.21
12/16/15,0.2
12/17/15,0.18
12/18/15,0.16
12/21/15,0.13
12/22/15,0.19
12/23/15,0.19
12/24/15,0.15
12/25/15,
12/28/15,0.12
12/29/15,0.18
12/30/15,0.08
12/31/15,0.14
1/1/16,
1/4/16,0.17
1/5/16,0.2
1/6/16,0.21
1/7/16,0.2
1/8/16,0.2
1/11/16,0.19
1/12/16,0.22
1/13/16,0.22
1/14/16,0.22
1/15/16,0.19
1/18/16,
1/19/16,0.2
1/20/16,0.26
1/21/16,0.27
1/22/16,0.25
1/25/16,0.24
1/26/16,0.29
1/27/16,0.27
1/28/16,0.25
1/29/16,0.21
2/1/16,0.17
2/2/16,0.26
2/3/16,0.27
2/4/16,0.24
2/5/16,0.22
2/8/16,0.2
2/9/16,0.27
2/10/16,0.27
2/11/16,0.27
2/12/16,0.25
2/15/16,
2/16/16,0.22
2/17/16,0.28
2/18/16,0.28
2/19/16,0.26
2/22/16,0.27
2/23/16,0.28
2/24/16,0.28
2/25/16,0.26
2/26/16,0.25
2/29/16,0.22
3/1/16,0.29
3/2/16,0.27
3/3/16,0.25
3/4/16,0.25
3/7/16,0.26
3/8/16,0.27
3/9/16,0.27
3/10/16,0.27
3/11/16,0.27
3/14/16,0.27
3/15/16,0.29
3/16/16,0.28
3/17/16,0.29
3/18/16,0.27
3/21/16,0.25
3/22/16,0.28
3/23/16,0.27
3/24/16,0.24
3/25/16,
3/28/16,0.18
3/29/16,0.18
3/30/16,0.14
3/31/16,0.18
4/1/16,0.2
4/4/16,0.18
4/5/16,0.19
4/6/16,0.19
4/7/16,0.2
4/8/16,0.2
4/11/16,0.19
4/12/16,0.21
4/13/16,0.21
4/14/16,0.21
4/15/16,0.19
4/18/16,0.15
4/19/16,0.18